Backup Instance;Container;Resource Group;Policy;Latest Recovery Point;Vault;Azure Resource;Datasource Type;
shhlsr4002;shhlsr4002;rg-gis-test-saphanapoc-01;vm-medium-01am-01;8/4/2021, 2:18:11 AM;RSV-NONPROD-EUNO-LRSBACKUP-01;SHHLSR4002;Microsoft.Compute/virtualMachines;
shhlsr4005;shhlsr4005;rg-gis-test-saphanapoc-01;vm-medium-01am-01;8/4/2021, 2:24:19 AM;RSV-NONPROD-EUNO-LRSBACKUP-01;SHHLSR4005;Microsoft.Compute/virtualMachines;
shhlsr4003;shhlsr4003;rg-gis-test-saphanapoc-01;vm-medium-01am-01;8/5/2021, 2:16:41 AM;RSV-NONPROD-EUNO-LRSBACKUP-01;SHHLSR4003;Microsoft.Compute/virtualMachines;
shhlsr4004;shhlsr4004;rg-gis-test-saphanapoc-01;vm-medium-01am-01;8/5/2021, 2:22:05 AM;RSV-NONPROD-EUNO-LRSBACKUP-01;SHHLSR4004;Microsoft.Compute/virtualMachines;
crd_softguard;crdwsr0197;rg-crd-prod-migration-01;(none);9/22/2021, 6:39:11 PM;RSV-PROD-EUNO-GRSBACKUPSQL-01;CRDWSR0197;SQLDataBase;
schindlercrdna;crdwsr0197;rg-crd-prod-migration-01;(none);9/22/2021, 7:05:11 PM;RSV-PROD-EUNO-GRSBACKUPSQL-01;CRDWSR0197;SQLDataBase;
erwindatamodel;shhwsr2232;rg-cis-prod-sql-01;(none);9/27/2021, 2:27:11 PM;RSV-PROD-EUNO-GRSBACKUPSQL-01;SHHWSR2232;SQLDataBase;
erwindatamodel_webportal;shhwsr2232;rg-cis-prod-sql-01;(none);9/27/2021, 2:28:10 PM;RSV-PROD-EUNO-GRSBACKUPSQL-01;SHHWSR2232;SQLDataBase;
shhlsr8004;shhlsr8004;rg-gis-test-saphanapoc-01;vm-medium-01am-01;10/1/2021, 2:21:00 AM;RSV-NONPROD-EUNO-LRSBACKUP-01;SHHLSR8004;Microsoft.Compute/virtualMachines;
epm20_test;shhwsr2319;rg-shh-prod-landeskclientsql;(none);10/14/2021, 9:31:07 PM;RSV-PROD-EUNO-GRSBACKUPSQL-01;SHHWSR2319;SQLDataBase;
shhxap0292;shhxap0292;rg-sis-qual-commvault-01;vm-short-01am-01;11/29/2021, 12:27:53 AM;RSV-NONPROD-EUNO-LRSBACKUP-01;SHHXAP0292;Microsoft.Compute/virtualMachines;
bitbucket_prod;shhwsr2314;rg-cis-prod-sql-01;(none);12/9/2021, 9:36:18 PM;RSV-PROD-EUNO-GRSBACKUPSQL-01;SHHWSR2314;SQLDataBase;
confluence;shhwsr2314;rg-cis-prod-sql-01;(none);12/9/2021, 9:36:18 PM;RSV-PROD-EUNO-GRSBACKUPSQL-01;SHHWSR2314;SQLDataBase;
testdb_faesslro_tobedeleted;shhwsr2314;rg-cis-prod-sql-01;(none);12/9/2021, 9:48:11 PM;RSV-PROD-EUNO-GRSBACKUPSQL-01;SHHWSR2314;SQLDataBase;
jira;shhwsr2314;rg-cis-prod-sql-01;(none);12/9/2021, 9:56:11 PM;RSV-PROD-EUNO-GRSBACKUPSQL-01;SHHWSR2314;SQLDataBase;
testdb_faesslro_tobedeleted;shhwsr2314;rg-shh-prod-sharedsql-01;(none);12/10/2021, 7:19:11 PM;RSV-PROD-EUNO-GRSBACKUPSQL-01;SHHWSR2314;SQLDataBase;
confluence_restored_12_10_2021_1058;shhwsr2314;rg-shh-prod-sharedsql-01;(none);12/10/2021, 7:39:11 PM;RSV-PROD-EUNO-GRSBACKUPSQL-01;SHHWSR2314;SQLDataBase;
msdb;schwsr0104;rg-sch-qual-sharedsql-01;(none);2/13/2022, 8:31:02 PM;RSV-NONPROD-EUNO-GRSBACKUPSQL-01;SCHWSR0104;SQLDataBase;
dbutility;schwsr0104;rg-sch-qual-sharedsql-01;(none);2/13/2022, 8:32:17 PM;RSV-NONPROD-EUNO-GRSBACKUPSQL-01;SCHWSR0104;SQLDataBase;
master;schwsr0104;rg-sch-qual-sharedsql-01;(none);2/13/2022, 8:34:30 PM;RSV-NONPROD-EUNO-GRSBACKUPSQL-01;SCHWSR0104;SQLDataBase;
model;schwsr0104;rg-sch-qual-sharedsql-01;(none);2/14/2022, 3:36:12 PM;RSV-NONPROD-EUNO-GRSBACKUPSQL-01;SCHWSR0104;SQLDataBase;
talkbasequal;shhwsr2234;rg-shh-qual-sharedsql-01;(none);2/15/2022, 8:30:47 PM;RSV-NONPROD-EUNO-GRSBACKUPSQL-01;SHHWSR2234;SQLDataBase;
msdb;shhwsr2305;rg-shh-qual-sharedsql-01;(none);2/15/2022, 8:30:52 PM;RSV-NONPROD-EUNO-GRSBACKUPSQL-01;SHHWSR2305;SQLDataBase;
msdb;shhwsr2323;rg-shh-qual-bcmiccsdb-01;(none);2/15/2022, 8:30:57 PM;RSV-NONPROD-EUNO-GRSBACKUPSQL-01;SHHWSR2323;SQLDataBase;
master;shhwsr2324;rg-shh-qual-bcmiccsdb-01;(none);2/15/2022, 8:31:16 PM;RSV-NONPROD-EUNO-GRSBACKUPSQL-01;SHHWSR2324;SQLDataBase;
master;shhwsr2305;rg-shh-qual-sharedsql-01;(none);2/15/2022, 8:31:16 PM;RSV-NONPROD-EUNO-GRSBACKUPSQL-01;SHHWSR2305;SQLDataBase;
dbutility;shhwsr2323;rg-shh-qual-bcmiccsdb-01;(none);2/15/2022, 8:31:37 PM;RSV-NONPROD-EUNO-GRSBACKUPSQL-01;SHHWSR2323;SQLDataBase;
saperiontest;shhwsr2234;rg-shh-qual-sharedsql-01;(none);2/15/2022, 8:32:03 PM;RSV-NONPROD-EUNO-GRSBACKUPSQL-01;SHHWSR2234;SQLDataBase;
msdb;shhwsr2324;rg-shh-qual-bcmiccsdb-01;(none);2/15/2022, 8:32:23 PM;RSV-NONPROD-EUNO-GRSBACKUPSQL-01;SHHWSR2324;SQLDataBase;
wii_pitfm_test_user;shhwsr2234;rg-shh-qual-sharedsql-01;(none);2/15/2022, 8:32:45 PM;RSV-NONPROD-EUNO-GRSBACKUPSQL-01;SHHWSR2234;SQLDataBase;
dbutility;shhwsr2305;rg-shh-qual-sharedsql-01;(none);2/15/2022, 8:32:47 PM;RSV-NONPROD-EUNO-GRSBACKUPSQL-01;SHHWSR2305;SQLDataBase;
master;shhwsr2323;rg-shh-qual-bcmiccsdb-01;(none);2/15/2022, 8:33:18 PM;RSV-NONPROD-EUNO-GRSBACKUPSQL-01;SHHWSR2323;SQLDataBase;
cai_ohr_test;shhwsr2234;rg-shh-qual-sharedsql-01;(none);2/15/2022, 8:33:32 PM;RSV-NONPROD-EUNO-GRSBACKUPSQL-01;SHHWSR2234;SQLDataBase;
wii_pitfm_test_meta;shhwsr2234;rg-shh-qual-sharedsql-01;(none);2/15/2022, 8:33:41 PM;RSV-NONPROD-EUNO-GRSBACKUPSQL-01;SHHWSR2234;SQLDataBase;
msdb;shhwsr2234;rg-shh-qual-sharedsql-01;(none);2/15/2022, 8:33:54 PM;RSV-NONPROD-EUNO-GRSBACKUPSQL-01;SHHWSR2234;SQLDataBase;
dbutility;shhwsr2324;rg-shh-qual-bcmiccsdb-01;(none);2/15/2022, 8:34:05 PM;RSV-NONPROD-EUNO-GRSBACKUPSQL-01;SHHWSR2324;SQLDataBase;
technicaldb;shhwsr2305;rg-shh-qual-sharedsql-01;(none);2/15/2022, 8:34:12 PM;RSV-NONPROD-EUNO-GRSBACKUPSQL-01;SHHWSR2305;SQLDataBase;
dbutility;shhwsr2234;rg-shh-qual-sharedsql-01;(none);2/15/2022, 8:34:24 PM;RSV-NONPROD-EUNO-GRSBACKUPSQL-01;SHHWSR2234;SQLDataBase;
master;shhwsr2234;rg-shh-qual-sharedsql-01;(none);2/15/2022, 8:35:16 PM;RSV-NONPROD-EUNO-GRSBACKUPSQL-01;SHHWSR2234;SQLDataBase;
cai_ohr_dev;shhwsr2234;rg-shh-qual-sharedsql-01;(none);2/15/2022, 8:36:19 PM;RSV-NONPROD-EUNO-GRSBACKUPSQL-01;SHHWSR2234;SQLDataBase;
dbutility;shhwsr2327;rg-shh-qual-bcmiccsdb-01;(none);2/16/2022, 6:18:44 AM;RSV-NONPROD-EUNO-GRSBACKUPSQL-01;SHHWSR2327;SQLDataBase;
master;shhwsr2327;rg-shh-qual-bcmiccsdb-01;(none);2/16/2022, 6:18:44 AM;RSV-NONPROD-EUNO-GRSBACKUPSQL-01;SHHWSR2327;SQLDataBase;
msdb;shhwsr2327;rg-shh-qual-bcmiccsdb-01;(none);2/16/2022, 6:18:44 AM;RSV-NONPROD-EUNO-GRSBACKUPSQL-01;SHHWSR2327;SQLDataBase;
bitbucket_prod;shhwsr2305;rg-shh-qual-sharedsql-01;(none);2/16/2022, 9:18:12 AM;RSV-NONPROD-EUNO-GRSBACKUPSQL-01;SHHWSR2305;SQLDataBase;
rmp;shhwsr2305;rg-shh-qual-sharedsql-01;(none);2/16/2022, 9:21:11 AM;RSV-NONPROD-EUNO-GRSBACKUPSQL-01;SHHWSR2305;SQLDataBase;
confluence;shhwsr2305;rg-shh-qual-sharedsql-01;(none);2/16/2022, 9:24:12 AM;RSV-NONPROD-EUNO-GRSBACKUPSQL-01;SHHWSR2305;SQLDataBase;
model;shhwsr2305;rg-shh-qual-sharedsql-01;(none);2/16/2022, 9:24:12 AM;RSV-NONPROD-EUNO-GRSBACKUPSQL-01;SHHWSR2305;SQLDataBase;
jira;shhwsr2305;rg-shh-qual-sharedsql-01;(none);2/16/2022, 9:35:12 AM;RSV-NONPROD-EUNO-GRSBACKUPSQL-01;SHHWSR2305;SQLDataBase;
ssisdb;shhwsr2305;rg-shh-qual-sharedsql-01;(none);2/16/2022, 9:47:19 AM;RSV-NONPROD-EUNO-GRSBACKUPSQL-01;SHHWSR2305;SQLDataBase;
model;shhwsr2323;rg-shh-qual-bcmiccsdb-01;(none);2/16/2022, 10:54:12 AM;RSV-NONPROD-EUNO-GRSBACKUPSQL-01;SHHWSR2323;SQLDataBase;
model;shhwsr2324;rg-shh-qual-bcmiccsdb-01;(none);2/16/2022, 11:39:12 AM;RSV-NONPROD-EUNO-GRSBACKUPSQL-01;SHHWSR2324;SQLDataBase;
model;shhwsr2327;rg-shh-qual-bcmiccsdb-01;(none);2/16/2022, 12:08:12 PM;RSV-NONPROD-EUNO-GRSBACKUPSQL-01;SHHWSR2327;SQLDataBase;
model;shhwsr2234;rg-shh-qual-sharedsql-01;(none);2/16/2022, 12:33:11 PM;RSV-NONPROD-EUNO-GRSBACKUPSQL-01;SHHWSR2234;SQLDataBase;
shh_partnumgendtwin_qual;shhwsr2234;rg-shh-qual-sharedsql-01;(none);2/16/2022, 12:56:12 PM;RSV-NONPROD-EUNO-GRSBACKUPSQL-01;SHHWSR2234;SQLDataBase;
msdb;shhwsr2360;rg-shh-prod-juribasql-01;(none);2/17/2022, 8:30:32 PM;RSV-PROD-EUNO-GRSBACKUPSQL-01;SHHWSR2360;SQLDataBase;
dbutility;shhwsr2232;rg-shh-prod-sharedsql-01;(none);2/17/2022, 8:30:35 PM;RSV-PROD-EUNO-GRSBACKUPSQL-01;SHHWSR2232;SQLDataBase;
dbutility;schwsr0103;rg-sch-prod-sharedsql-01;(none);2/17/2022, 8:30:36 PM;RSV-PROD-EUNO-GRSBACKUPSQL-01;SCHWSR0103;SQLDataBase;
dbutility;crdwsr0197;rg-crd-prod-sharedsql-01;(none);2/17/2022, 8:30:47 PM;RSV-PROD-EUNO-GRSBACKUPSQL-01;CRDWSR0197;SQLDataBase;
model;shhwsr1840;rg-shh-prod-ldmslandesk-01;(none);2/17/2022, 8:30:56 PM;RSV-PROD-EUNO-GRSBACKUPSQL-01;SHHWSR1840;SQLDataBase;
talkbaseprod;shhwsr2232;rg-shh-prod-sharedsql-01;(none);2/17/2022, 8:31:02 PM;RSV-PROD-EUNO-GRSBACKUPSQL-01;SHHWSR2232;SQLDataBase;
dbutility;shhwsr2233;rg-shh-prod-sharedsql-01;(none);2/17/2022, 8:31:21 PM;RSV-PROD-EUNO-GRSBACKUPSQL-01;SHHWSR2233;SQLDataBase;
wii_pitfm_prod_user;shhwsr2233;rg-shh-prod-sharedsql-01;(none);2/17/2022, 8:31:28 PM;RSV-PROD-EUNO-GRSBACKUPSQL-01;SHHWSR2233;SQLDataBase;
epm20_p;shhwsr2319;rg-shh-prod-landeskclientsql;(none);2/17/2022, 8:31:49 PM;RSV-PROD-EUNO-GRSBACKUPSQL-01;SHHWSR2319;SQLDataBase;
msdb;crdwsr0197;rg-crd-prod-sharedsql-01;(none);2/17/2022, 8:31:50 PM;RSV-PROD-EUNO-GRSBACKUPSQL-01;CRDWSR0197;SQLDataBase;
termviewer;shhwsr2232;rg-shh-prod-sharedsql-01;(none);2/17/2022, 8:32:07 PM;RSV-PROD-EUNO-GRSBACKUPSQL-01;SHHWSR2232;SQLDataBase;
dbutility;shhwsr1840;rg-shh-prod-ldmslandesk-01;(none);2/17/2022, 8:32:12 PM;RSV-PROD-EUNO-GRSBACKUPSQL-01;SHHWSR1840;SQLDataBase;
dbutility;shhwsr2360;rg-shh-prod-juribasql-01;(none);2/17/2022, 8:32:22 PM;RSV-PROD-EUNO-GRSBACKUPSQL-01;SHHWSR2360;SQLDataBase;
server_ldms16_p_w;shhwsr1840;rg-shh-prod-ldmslandesk-01;(none);2/17/2022, 8:32:48 PM;RSV-PROD-EUNO-GRSBACKUPSQL-01;SHHWSR1840;SQLDataBase;
master;shhwsr2233;rg-shh-prod-sharedsql-01;(none);2/17/2022, 8:33:08 PM;RSV-PROD-EUNO-GRSBACKUPSQL-01;SHHWSR2233;SQLDataBase;
leb_vdolphin;shhwsr2232;rg-shh-prod-sharedsql-01;(none);2/17/2022, 8:33:18 PM;RSV-PROD-EUNO-GRSBACKUPSQL-01;SHHWSR2232;SQLDataBase;
msdb;shhwsr2319;rg-shh-prod-landeskclientsql;(none);2/17/2022, 8:33:29 PM;RSV-PROD-EUNO-GRSBACKUPSQL-01;SHHWSR2319;SQLDataBase;
epm21_p;shhwsr2319;rg-shh-prod-landeskclientsql;(none);2/17/2022, 8:33:31 PM;RSV-PROD-EUNO-GRSBACKUPSQL-01;SHHWSR2319;SQLDataBase;
msdb;schwsr0103;rg-sch-prod-sharedsql-01;(none);2/17/2022, 8:33:35 PM;RSV-PROD-EUNO-GRSBACKUPSQL-01;SCHWSR0103;SQLDataBase;
msdb;shhwsr1840;rg-shh-prod-ldmslandesk-01;(none);2/17/2022, 8:33:44 PM;RSV-PROD-EUNO-GRSBACKUPSQL-01;SHHWSR1840;SQLDataBase;
master;shhwsr2314;rg-shh-prod-sharedsql-01;(none);2/17/2022, 8:33:45 PM;RSV-PROD-EUNO-GRSBACKUPSQL-01;SHHWSR2314;SQLDataBase;
master;shhwsr1840;rg-shh-prod-ldmslandesk-01;(none);2/17/2022, 8:33:59 PM;RSV-PROD-EUNO-GRSBACKUPSQL-01;SHHWSR1840;SQLDataBase;
dbutility;shhwsr2319;rg-shh-prod-landeskclientsql;(none);2/17/2022, 8:34:19 PM;RSV-PROD-EUNO-GRSBACKUPSQL-01;SHHWSR2319;SQLDataBase;
master;shhwsr2360;rg-shh-prod-juribasql-01;(none);2/17/2022, 8:34:35 PM;RSV-PROD-EUNO-GRSBACKUPSQL-01;SHHWSR2360;SQLDataBase;
master;shhwsr2232;rg-shh-prod-sharedsql-01;(none);2/17/2022, 8:34:35 PM;RSV-PROD-EUNO-GRSBACKUPSQL-01;SHHWSR2232;SQLDataBase;
msdb;shhwsr2232;rg-shh-prod-sharedsql-01;(none);2/17/2022, 8:34:35 PM;RSV-PROD-EUNO-GRSBACKUPSQL-01;SHHWSR2232;SQLDataBase;
master;shhwsr2319;rg-shh-prod-landeskclientsql;(none);2/17/2022, 8:34:45 PM;RSV-PROD-EUNO-GRSBACKUPSQL-01;SHHWSR2319;SQLDataBase;
msdb;shhwsr2233;rg-shh-prod-sharedsql-01;(none);2/17/2022, 8:34:50 PM;RSV-PROD-EUNO-GRSBACKUPSQL-01;SHHWSR2233;SQLDataBase;
master;schwsr0103;rg-sch-prod-sharedsql-01;(none);2/17/2022, 8:34:55 PM;RSV-PROD-EUNO-GRSBACKUPSQL-01;SCHWSR0103;SQLDataBase;
wii_pitfm_prod_meta;shhwsr2233;rg-shh-prod-sharedsql-01;(none);2/17/2022, 8:35:05 PM;RSV-PROD-EUNO-GRSBACKUPSQL-01;SHHWSR2233;SQLDataBase;
msdb;shhwsr2314;rg-shh-prod-sharedsql-01;(none);2/17/2022, 8:35:11 PM;RSV-PROD-EUNO-GRSBACKUPSQL-01;SHHWSR2314;SQLDataBase;
server_ldms16_p;shhwsr1840;rg-shh-prod-ldmslandesk-01;(none);2/17/2022, 8:35:14 PM;RSV-PROD-EUNO-GRSBACKUPSQL-01;SHHWSR1840;SQLDataBase;
master;crdwsr0197;rg-crd-prod-sharedsql-01;(none);2/17/2022, 8:35:26 PM;RSV-PROD-EUNO-GRSBACKUPSQL-01;CRDWSR0197;SQLDataBase;
cai_ohr_prod;shhwsr2232;rg-shh-prod-sharedsql-01;(none);2/17/2022, 8:37:49 PM;RSV-PROD-EUNO-GRSBACKUPSQL-01;SHHWSR2232;SQLDataBase;
shhwsr2351;shhwsr2351;rg-shh-test-rmp-01;vm-short-01am-01;2/18/2022, 1:18:42 AM;RSV-NONPROD-EUNO-LRSBACKUP-01;SHHWSR2351;Microsoft.Compute/virtualMachines;
jira;shhwsr2314;rg-shh-prod-sharedsql-01;(none);2/18/2022, 11:01:11 AM;RSV-PROD-EUNO-GRSBACKUPSQL-01;SHHWSR2314;SQLDataBase;
model;shhwsr2232;rg-shh-prod-sharedsql-01;(none);2/18/2022, 11:02:11 AM;RSV-PROD-EUNO-GRSBACKUPSQL-01;SHHWSR2232;SQLDataBase;
erwindatamodel_webportal;shhwsr2232;rg-shh-prod-sharedsql-01;(none);2/18/2022, 11:04:11 AM;RSV-PROD-EUNO-GRSBACKUPSQL-01;SHHWSR2232;SQLDataBase;
winpat5portal;shhwsr2314;rg-shh-prod-sharedsql-01;(none);2/18/2022, 11:04:11 AM;RSV-PROD-EUNO-GRSBACKUPSQL-01;SHHWSR2314;SQLDataBase;
erwindatamodel;shhwsr2232;rg-shh-prod-sharedsql-01;(none);2/18/2022, 11:07:11 AM;RSV-PROD-EUNO-GRSBACKUPSQL-01;SHHWSR2232;SQLDataBase;
confluence_20211209;shhwsr2314;rg-shh-prod-sharedsql-01;(none);2/18/2022, 11:08:12 AM;RSV-PROD-EUNO-GRSBACKUPSQL-01;SHHWSR2314;SQLDataBase;
confluence;shhwsr2314;rg-shh-prod-sharedsql-01;(none);2/18/2022, 11:09:11 AM;RSV-PROD-EUNO-GRSBACKUPSQL-01;SHHWSR2314;SQLDataBase;
model;shhwsr2314;rg-shh-prod-sharedsql-01;(none);2/18/2022, 11:11:11 AM;RSV-PROD-EUNO-GRSBACKUPSQL-01;SHHWSR2314;SQLDataBase;
winpat5;shhwsr2314;rg-shh-prod-sharedsql-01;(none);2/18/2022, 11:13:11 AM;RSV-PROD-EUNO-GRSBACKUPSQL-01;SHHWSR2314;SQLDataBase;
phredsolutionssql;shhwsr2233;rg-shh-prod-sharedsql-01;(none);2/18/2022, 11:20:11 AM;RSV-PROD-EUNO-GRSBACKUPSQL-01;SHHWSR2233;SQLDataBase;
bitbucket_prod;shhwsr2314;rg-shh-prod-sharedsql-01;(none);2/18/2022, 11:23:12 AM;RSV-PROD-EUNO-GRSBACKUPSQL-01;SHHWSR2314;SQLDataBase;
model;shhwsr2233;rg-shh-prod-sharedsql-01;(none);2/18/2022, 11:33:11 AM;RSV-PROD-EUNO-GRSBACKUPSQL-01;SHHWSR2233;SQLDataBase;
crd_tractionmedia;crdwsr0197;rg-crd-prod-sharedsql-01;(none);2/18/2022, 11:33:12 AM;RSV-PROD-EUNO-GRSBACKUPSQL-01;CRDWSR0197;SQLDataBase;
tweap;shhwsr2233;rg-shh-prod-sharedsql-01;(none);2/18/2022, 11:36:11 AM;RSV-PROD-EUNO-GRSBACKUPSQL-01;SHHWSR2233;SQLDataBase;
crd_environmental_data;crdwsr0197;rg-crd-prod-sharedsql-01;(none);2/18/2022, 11:36:12 AM;RSV-PROD-EUNO-GRSBACKUPSQL-01;CRDWSR0197;SQLDataBase;
model;crdwsr0197;rg-crd-prod-sharedsql-01;(none);2/18/2022, 11:36:14 AM;RSV-PROD-EUNO-GRSBACKUPSQL-01;CRDWSR0197;SQLDataBase;
crd_webnews;crdwsr0197;rg-crd-prod-sharedsql-01;(none);2/18/2022, 11:41:12 AM;RSV-PROD-EUNO-GRSBACKUPSQL-01;CRDWSR0197;SQLDataBase;
schindlercrdna;crdwsr0197;rg-crd-prod-sharedsql-01;(none);2/18/2022, 11:41:12 AM;RSV-PROD-EUNO-GRSBACKUPSQL-01;CRDWSR0197;SQLDataBase;
crd_environment;crdwsr0197;rg-crd-prod-sharedsql-01;(none);2/18/2022, 11:45:12 AM;RSV-PROD-EUNO-GRSBACKUPSQL-01;CRDWSR0197;SQLDataBase;
crd_aramid;crdwsr0197;rg-crd-prod-sharedsql-01;(none);2/18/2022, 11:48:12 AM;RSV-PROD-EUNO-GRSBACKUPSQL-01;CRDWSR0197;SQLDataBase;
model;schwsr0103;rg-sch-prod-sharedsql-01;(none);2/18/2022, 11:49:11 AM;RSV-PROD-EUNO-GRSBACKUPSQL-01;SCHWSR0103;SQLDataBase;
crd_standards_archive;crdwsr0197;rg-crd-prod-sharedsql-01;(none);2/18/2022, 11:51:12 AM;RSV-PROD-EUNO-GRSBACKUPSQL-01;CRDWSR0197;SQLDataBase;
crd_softguard;crdwsr0197;rg-crd-prod-sharedsql-01;(none);2/18/2022, 11:53:13 AM;RSV-PROD-EUNO-GRSBACKUPSQL-01;CRDWSR0197;SQLDataBase;
crd_standards;crdwsr0197;rg-crd-prod-sharedsql-01;(none);2/18/2022, 11:54:12 AM;RSV-PROD-EUNO-GRSBACKUPSQL-01;CRDWSR0197;SQLDataBase;
model;shhwsr2360;rg-shh-prod-juribasql-01;(none);2/18/2022, 12:37:11 PM;RSV-PROD-EUNO-GRSBACKUPSQL-01;SHHWSR2360;SQLDataBase;
model;shhwsr2319;rg-shh-prod-landeskclientsql;(none);2/18/2022, 1:44:11 PM;RSV-PROD-EUNO-GRSBACKUPSQL-01;SHHWSR2319;SQLDataBase;
shhwsr2346;shhwsr2346;rg-shh-test-sag-01;vm-short-01am-01;3/3/2022, 1:16:42 AM;RSV-NONPROD-EUNO-LRSBACKUP-01;SHHWSR2346;Microsoft.Compute/virtualMachines;
shhwsr2343;shhwsr2343;rg-shh-test-sag-01;vm-short-01am-01;3/3/2022, 1:16:43 AM;RSV-NONPROD-EUNO-LRSBACKUP-01;SHHWSR2343;Microsoft.Compute/virtualMachines;
shhwsr2342;shhwsr2342;rg-shh-test-sag-01;vm-short-01am-01;3/3/2022, 1:17:09 AM;RSV-NONPROD-EUNO-LRSBACKUP-01;SHHWSR2342;Microsoft.Compute/virtualMachines;
shhwsr2341;shhwsr2341;rg-shh-test-sag-01;vm-short-01am-01;3/3/2022, 1:17:57 AM;RSV-NONPROD-EUNO-LRSBACKUP-01;SHHWSR2341;Microsoft.Compute/virtualMachines;
shhwsr2344;shhwsr2344;rg-shh-test-sag-01;vm-short-01am-01;3/3/2022, 1:17:59 AM;RSV-NONPROD-EUNO-LRSBACKUP-01;SHHWSR2344;Microsoft.Compute/virtualMachines;
shhwsr2349;shhwsr2349;rg-shh-test-sag-01;vm-short-01am-01;3/3/2022, 1:19:00 AM;RSV-NONPROD-EUNO-LRSBACKUP-01;SHHWSR2349;Microsoft.Compute/virtualMachines;
shhwsr2345;shhwsr2345;rg-shh-test-sag-01;vm-short-01am-01;3/3/2022, 1:20:48 AM;RSV-NONPROD-EUNO-LRSBACKUP-01;SHHWSR2345;Microsoft.Compute/virtualMachines;
shhwsr2347;shhwsr2347;rg-shh-test-sag-01;vm-short-01am-01;3/3/2022, 1:26:04 AM;RSV-NONPROD-EUNO-LRSBACKUP-01;SHHWSR2347;Microsoft.Compute/virtualMachines;
shhxap0303;shhxap0303;rg-shh-test-sciforma-01;vm-short-01am-01;3/8/2022, 1:16:09 AM;RSV-NONPROD-EUNO-LRSBACKUP-01;SHHXAP0303;Microsoft.Compute/virtualMachines;
shhxap0304;shhxap0304;rg-shh-test-sciforma-01;vm-short-01am-01;3/8/2022, 1:16:20 AM;RSV-NONPROD-EUNO-LRSBACKUP-01;SHHXAP0304;Microsoft.Compute/virtualMachines;
shhxap0302;shhxap0302;rg-shh-test-sciforma-01;vm-short-01am-01;3/8/2022, 1:23:45 AM;RSV-NONPROD-EUNO-LRSBACKUP-01;SHHXAP0302;Microsoft.Compute/virtualMachines;
shhxap0301;shhxap0301;rg-shh-test-sciforma-01;vm-short-01am-01;3/8/2022, 1:25:45 AM;RSV-NONPROD-EUNO-LRSBACKUP-01;SHHXAP0301;Microsoft.Compute/virtualMachines;
shhlsr0259;shhlsr0259;rg-gis-dev-databuckpoc-01;vm-medium-01am-01;3/15/2022, 1:17:11 AM;RSV-NONPROD-EUNO-LRSBACKUP-01;SHHLSR0259;Microsoft.Compute/virtualMachines;
shhwsr1519;shhwsr1519;rg-shh-qual-rmp-01;vm-short-01am-01;3/25/2022, 1:08:13 AM;RSV-NONPROD-EUNO-LRSBACKUP-02;SHHWSR1519;Microsoft.Compute/virtualMachines;
shhlsr0289;shhlsr0289;rg-shh-qual-artifactory-01;vm-short-01am-01;3/28/2022, 2:05:56 AM;RSV-PROD-EUNO-LRSBACKUP-01;SHHLSR0289;Microsoft.Compute/virtualMachines;
shhlsr0242;shhlsr0242;rg-shh-prod-ansible-01;vm-short-01am-01;3/28/2022, 2:10:10 AM;RSV-PROD-EUNO-LRSBACKUP-01;SHHLSR0242;Microsoft.Compute/virtualMachines;
shhlsr0291;shhlsr0291;rg-shh-qual-agileapps-01;vm-short-01am-01;3/29/2022, 2:07:42 AM;RSV-PROD-EUNO-LRSBACKUP-01;SHHLSR0291;Microsoft.Compute/virtualMachines;
shhlsr0292;shhlsr0292;rg-shh-qual-agileapps-01;vm-short-01am-01;3/29/2022, 2:11:49 AM;RSV-PROD-EUNO-LRSBACKUP-01;SHHLSR0292;Microsoft.Compute/virtualMachines;
crdwsr0203;crdwsr0203;rg-crd-test-benchmarking-01;(none);4/1/2022, 2:00:32 AM;RSV-NONPROD-CHNO-LRSBACKUP-01;CRDWSR0203;Microsoft.Compute/virtualMachines;
shhwsr2252;shhwsr2252;rg-shh-dev-liftdesigner-01;(none);5/16/2022, 1:32:56 AM;RSV-NONPROD-EUNO-LRSBACKUP-01;SHHWSR2252;Microsoft.Compute/virtualMachines;
siswcl99282;SISWCL99282;rg-cis-prod-vditest-01;vm-short-01am-01;5/17/2022, 2:07:49 AM;RSV-PROD-VDI-EUNO-LRSBACKUP-01;SISWCL99282;Microsoft.Compute/virtualMachines;
gpoadmindmz;shhwsr2233;rg-shh-prod-sharedsql-02;(none);6/5/2022, 9:32:28 PM;RSV-PROD-EUNO-ZRSBACKUPSQL-01;SHHWSR2233;SQLDataBase;
shhwsr2267;shhwsr2267;rg-shh-prod-liftdesigner-01;vm-short-01am-01;6/6/2022, 1:10:36 AM;RSV-PROD-EUNO-LRSBACKUP-01;SHHWSR2267;Microsoft.Compute/virtualMachines;
shhwsr2253;shhwsr2253;rg-shh-dev-liftdesigner-01;(none);6/6/2022, 1:26:52 AM;RSV-NONPROD-EUNO-LRSBACKUP-01;SHHWSR2253;Microsoft.Compute/virtualMachines;
shhwsr0886;shhwsr0886;rg-gis-prod-payslip-01;vm-short-01am-01;6/13/2022, 2:10:55 AM;RSV-PROD-EUNO-LRSBACKUP-02;SHHWSR0886;Microsoft.Compute/virtualMachines;
shhlsr4001;shhlsr4001;rg-gis-test-saphanapoc-01;vm-medium-01am-01;7/7/2022, 2:15:04 AM;RSV-NONPROD-EUNO-LRSBACKUP-01;SHHLSR4001;Microsoft.Compute/virtualMachines;
shhwsr0536;shhwsr0536;rg-shh-prod-sapprintserver-01;(none);7/14/2022, 2:13:03 AM;RSV-PROD-EUNO-LRSBACKUP-02;SHHWSR0536;Microsoft.Compute/virtualMachines;
shhlsr0302;shhlsr0302;rg-shh-prod-thehive-01;vm-short-01am-01;7/28/2022, 2:06:22 AM;RSV-PROD-EUNO-LRSBACKUP-01;SHHLSR0302;Microsoft.Compute/virtualMachines;
athwsr0005;athwsr0005;rg-cis-prod-printserver-03;(none);8/1/2022, 1:20:39 AM;RSV-PROD-EUNO-LRSBACKUP-02;ATHWSR0005;Microsoft.Compute/virtualMachines;
systemdb;shhlsr8006;rg-gis-test-saphanapoc-01;saphana-medium-12pm-01;8/11/2022, 9:12:44 AM;RSV-NONPROD-EUNO-LRSBACKUPSAP-01;SHHLSR8006;SAPHanaDatabase;
secwsr1173;secwsr1173;rg-sec-prod-taxware-01;vm-long-01am-01;8/22/2022, 2:33:29 AM;RSV-PROD-EUNO-LRSBACKUP-02;SECWSR1173;Microsoft.Compute/virtualMachines;
rmp_2015;shhwsr2390;rg-shh-qual-rmp-01;(none);8/24/2022, 8:30:38 PM;RSV-NONPROD-EUNO-LRSBACKUPSQL-01;SHHWSR2390;SQLDataBase;
rmp_2018;shhwsr2390;rg-shh-qual-rmp-01;(none);8/24/2022, 8:31:14 PM;RSV-NONPROD-EUNO-LRSBACKUPSQL-01;SHHWSR2390;SQLDataBase;
rmp_2014;shhwsr2390;rg-shh-qual-rmp-01;(none);8/24/2022, 8:31:49 PM;RSV-NONPROD-EUNO-LRSBACKUPSQL-01;SHHWSR2390;SQLDataBase;
rmp_2016;shhwsr2390;rg-shh-qual-rmp-01;(none);8/24/2022, 8:32:36 PM;RSV-NONPROD-EUNO-LRSBACKUPSQL-01;SHHWSR2390;SQLDataBase;
rmp_2017;shhwsr2390;rg-shh-qual-rmp-01;(none);8/24/2022, 8:32:52 PM;RSV-NONPROD-EUNO-LRSBACKUPSQL-01;SHHWSR2390;SQLDataBase;
rmp_2019;shhwsr2389;rg-shh-dev-rmp-01;(none);8/25/2022, 12:03:23 PM;RSV-NONPROD-EUNO-LRSBACKUPSQL-01;SHHWSR2389;SQLDataBase;
rmp_2020;shhwsr2390;rg-shh-qual-rmp-01;(none);8/25/2022, 12:53:29 PM;RSV-NONPROD-EUNO-LRSBACKUPSQL-01;SHHWSR2390;SQLDataBase;
rmp_2019;shhwsr2390;rg-shh-qual-rmp-01;(none);8/25/2022, 12:54:09 PM;RSV-NONPROD-EUNO-LRSBACKUPSQL-01;SHHWSR2390;SQLDataBase;
rmp_2021;shhwsr2390;rg-shh-qual-rmp-01;(none);8/25/2022, 7:19:19 PM;RSV-NONPROD-EUNO-LRSBACKUPSQL-01;SHHWSR2390;SQLDataBase;
rmp_2014;shhwsr2389;rg-shh-dev-rmp-01;(none);8/25/2022, 10:56:11 PM;RSV-NONPROD-EUNO-LRSBACKUPSQL-01;SHHWSR2389;SQLDataBase;
rmp_2015;shhwsr2389;rg-shh-dev-rmp-01;(none);8/26/2022, 4:14:11 AM;RSV-NONPROD-EUNO-LRSBACKUPSQL-01;SHHWSR2389;SQLDataBase;
rmp_2017;shhwsr2389;rg-shh-dev-rmp-01;(none);8/26/2022, 6:10:37 AM;RSV-NONPROD-EUNO-LRSBACKUPSQL-01;SHHWSR2389;SQLDataBase;
rmp_2016;shhwsr2389;rg-shh-dev-rmp-01;(none);8/26/2022, 6:30:35 AM;RSV-NONPROD-EUNO-LRSBACKUPSQL-01;SHHWSR2389;SQLDataBase;
rmp_2021;shhwsr2389;rg-shh-dev-rmp-01;(none);8/26/2022, 8:24:48 AM;RSV-NONPROD-EUNO-LRSBACKUPSQL-01;SHHWSR2389;SQLDataBase;
rmp_2018;shhwsr2389;rg-shh-dev-rmp-01;(none);8/26/2022, 8:25:23 AM;RSV-NONPROD-EUNO-LRSBACKUPSQL-01;SHHWSR2389;SQLDataBase;
rmp_2020;shhwsr2389;rg-shh-dev-rmp-01;(none);8/26/2022, 9:12:39 AM;RSV-NONPROD-EUNO-LRSBACKUPSQL-01;SHHWSR2389;SQLDataBase;
rmp_archive;shhwsr2389;rg-shh-dev-rmp-01;(none);8/29/2022, 12:39:14 AM;RSV-NONPROD-EUNO-LRSBACKUPSQL-01;SHHWSR2389;SQLDataBase;
shhlsr0282;shhlsr0282;rg-shh-prod-iperf-01;vm-medium-01am-01;9/13/2022, 1:03:25 AM;RSV-PROD-EUNO-LRSBACKUP-01;SHHLSR0282;Microsoft.Compute/virtualMachines;
shhlsr0305;shhlsr0305;rg-shh-prod-iperf-01;vm-short-01am-01;9/13/2022, 1:04:39 AM;RSV-PROD-EUNO-LRSBACKUP-01;SHHLSR0305;Microsoft.Compute/virtualMachines;
shhlsr0304;shhlsr0304;rg-shh-prod-iperf-01;vm-short-01am-01;9/13/2022, 1:06:56 AM;RSV-PROD-EUNO-LRSBACKUP-01;SHHLSR0304;Microsoft.Compute/virtualMachines;
shhwsrcx4044;shhwsrcx4044;rg-gis-prod-myleegoo-01;(none);9/19/2022, 2:20:12 AM;RSV-PROD-EUNO-LRSBACKUP-02;SHHWSRCX4044;Microsoft.Compute/virtualMachines;
shhwsrcx4045;shhwsrcx4045;rg-gis-prod-myleegoo-01;(none);9/19/2022, 2:26:06 AM;RSV-PROD-EUNO-LRSBACKUP-02;SHHWSRCX4045;Microsoft.Compute/virtualMachines;
crdwsr0112;crdwsr0112;rg-crd-prod-windchillwqs-01;vm-short-01am-01;9/20/2022, 2:06:41 AM;RSV-PROD-CHNO-LRSBACKUP-01;CRDWSR0112;Microsoft.Compute/virtualMachines;
shhwsrcx3040;shhwsrcx3040;rg-gis-nonprod-myleegoo-01;(none);9/20/2022, 2:08:31 AM;RSV-NONPROD-EUNO-LRSBACKUP-02;SHHWSRCX3040;Microsoft.Compute/virtualMachines;
shhwsrcx3054;shhwsrcx3054;rg-gis-nonprod-myleegoo-01;(none);9/27/2022, 2:13:59 AM;RSV-NONPROD-EUNO-LRSBACKUP-02;SHHWSRCX3054;Microsoft.Compute/virtualMachines;
master;shhwsr2327;rg-shh-qual-bcmiccsdb-02;SQL-NonProd-PIT15D-D35-W13-M6;9/28/2022, 6:09:48 AM;RSV-NONPROD-EUNO-LRSBACKUPSQL-01;SHHWSR2327;SQLDataBase;
siswcl99169;SISWCL99169;rg-cis-prod-vditest-01;vm-short-01am-01;9/29/2022, 2:06:00 AM;RSV-PROD-VDI-EUNO-LRSBACKUP-01;SISWCL99169;Microsoft.Compute/virtualMachines;
shhwsr2327;shhwsr2327;rg-shh-qual-bcmiccsdb-02;vm-short-01am-01;10/4/2022, 2:07:35 AM;RSV-NONPROD-EUNO-LRSBACKUP-02;SHHWSR2327;Microsoft.Compute/virtualMachines;
crdwsr0003;crdwsr0003;rg-crd-prod-clearcase-01;vm-short-01am-01;10/10/2022, 2:37:03 AM;RSV-PROD-EUNO-LRSBACKUP-02;CRDWSR0003;Microsoft.Compute/virtualMachines;
china_production_database;shhwsr2143;rg-shh-dev-aprisocoe-01;(none);10/18/2022, 8:49:12 AM;RSV-NONPROD-EUNO-LRSBACKUPSQL-01;SHHWSR2143;SQLDataBase;
shhwsr2323;shhwsr2323;rg-shh-qual-bcmiccsdb-02;(none);10/20/2022, 2:06:35 AM;RSV-NONPROD-EUNO-LRSBACKUP-02;SHHWSR2323;Microsoft.Compute/virtualMachines;
zzzwsr0006;zzzwsr0006;rg-cis-test-server-01;vm-short-01am-01;10/24/2022, 1:30:07 AM;RSV-NONPROD-EUNO-LRSBACKUP-01;ZZZWSR0006;Microsoft.Compute/virtualMachines;
shhwsr2569;shhwsr2569;rg-shh-prod-readsoft-01;vm-short-01am-01;11/8/2022, 12:16:47 AM;RSV-PROD-EUNO-ZRSBACKUP-01;SHHWSR2569;Microsoft.Compute/virtualMachines;
master;shhwsr2390;rg-shh-qual-rmp-01;(none);11/17/2022, 8:30:57 PM;RSV-NONPROD-EUNO-LRSBACKUPSQL-01;SHHWSR2390;SQLDataBase;
schwsr0100;schwsr0100;rg-sch-prod-ukasolutions-01;(none);11/21/2022, 12:04:27 AM;RSV-PROD-EUNO-LRSBACKUP-01;SCHWSR0100;Microsoft.Compute/virtualMachines;
schwsr0108;schwsr0108;rg-sch-prod-ukasolutions-01;(none);11/21/2022, 1:05:01 AM;RSV-PROD-EUNO-LRSBACKUP-01;SCHWSR0108;Microsoft.Compute/virtualMachines;
secwsr9779;secwsr9779;rg-cis-nonprod-server-01;vm-short-01am-01;11/22/2022, 1:16:26 AM;RSV-NONPROD-USE2-LRSBACKUP-01;SECWSR9779;Microsoft.Compute/virtualMachines;
dbutility_indexmaintenance;shhwsr2390;rg-shh-qual-rmp-01;(none);11/22/2022, 8:30:27 PM;RSV-NONPROD-EUNO-LRSBACKUPSQL-01;SHHWSR2390;SQLDataBase;
msdb;shhwsr2390;rg-shh-qual-rmp-01;(none);11/22/2022, 8:32:50 PM;RSV-NONPROD-EUNO-LRSBACKUPSQL-01;SHHWSR2390;SQLDataBase;
test;shhwsr2390;rg-shh-qual-rmp-01;(none);11/22/2022, 8:34:21 PM;RSV-NONPROD-EUNO-LRSBACKUPSQL-01;SHHWSR2390;SQLDataBase;
model;shhwsr2390;rg-shh-qual-rmp-01;(none);11/22/2022, 8:34:46 PM;RSV-NONPROD-EUNO-LRSBACKUPSQL-01;SHHWSR2390;SQLDataBase;
dbutility;shhwsr2390;rg-shh-qual-rmp-01;(none);11/22/2022, 8:35:30 PM;RSV-NONPROD-EUNO-LRSBACKUPSQL-01;SHHWSR2390;SQLDataBase;
simonitoring;shhwsr2390;rg-shh-qual-rmp-01;(none);11/22/2022, 8:39:42 PM;RSV-NONPROD-EUNO-LRSBACKUPSQL-01;SHHWSR2390;SQLDataBase;
rmp;shhwsr2390;rg-shh-qual-rmp-01;(none);11/23/2022, 2:05:12 PM;RSV-NONPROD-EUNO-LRSBACKUPSQL-01;SHHWSR2390;SQLDataBase;
ssisdb;shhwsr2390;rg-shh-qual-rmp-01;(none);11/23/2022, 2:19:11 PM;RSV-NONPROD-EUNO-LRSBACKUPSQL-01;SHHWSR2390;SQLDataBase;
shhwsrcx4148;shhwsrcx4148;rg-shh-qual-applicationcitrix-01;vm-short-01am-01;11/24/2022, 12:13:14 AM;RSV-NONPROD-EUNO-ZRSBACKUP-01;SHHWSRCX4148;Microsoft.Compute/virtualMachines;
shhwsr0946;shhwsr0946;rg-shh-prod-symantec-01;(none);11/24/2022, 1:14:33 AM;RSV-PROD-EUNO-LRSBACKUP-02;SHHWSR0946;Microsoft.Compute/virtualMachines;
shhwsr0947;shhwsr0947;rg-shh-prod-symantec-01;vm-short-01am-01;11/24/2022, 1:35:28 AM;RSV-PROD-EUNO-LRSBACKUP-02;SHHWSR0947;Microsoft.Compute/virtualMachines;
schlsr0006;schlsr0006;rg-sch-prod-webserver-01;vm-short-01am-01;12/29/2022, 1:07:52 AM;RSV-PROD-EUNO-LRSBACKUP-01;SCHLSR0006;Microsoft.Compute/virtualMachines;
rmp_2022;shhwsr2389;rg-shh-dev-rmp-01;(none);1/3/2023, 9:05:05 PM;RSV-NONPROD-EUNO-LRSBACKUPSQL-01;SHHWSR2389;SQLDataBase;
xf1;shhlsr4017;rg-gis-test-saphanapoc-01;(none);1/12/2023, 1:14:30 PM;RSV-NONPROD-EUNO-LRSBACKUPSAP-01;SHHLSR4017;SAPHanaDatabase;
tlvwsr0017;tlvwsr0017;rg-tlv-prod-testfileserver-01;vm-short-01am-01;1/18/2023, 1:05:00 AM;RSV-PROD-EUNO-LRSBACKUP-01;TLVWSR0017;Microsoft.Compute/virtualMachines;
shhwsr2225;shhwsr2225;rg-cis-qual-pkiapplicationsql-01;vm-short-01am-01;1/31/2023, 1:09:55 AM;RSV-NONPROD-EUNO-LRSBACKUP-02;SHHWSR2225;Microsoft.Compute/virtualMachines;
shhwsr0633;shhwsr0633;rg-shh-prod-sapprintserver-01;vm-short-01am-01;2/2/2023, 1:12:58 AM;RSV-PROD-EUNO-LRSBACKUP-02;SHHWSR0633;Microsoft.Compute/virtualMachines;
shhwsr2526;stprodsqlfileshare01;rg-shh-prod-rmp-01;Rmp-backup-policy;2/20/2023, 11:02:11 PM;RSV-PROD-EUNO-LRSBACKUPFILE-01;STPRODSQLFILESHARE01;Microsoft.Storage/storageAccounts/fileServices/shares;
schwsr0106;schwsr0106;rg-sch-qual-visitormanagement-01;vm-short-01am-01;2/28/2023, 12:33:48 AM;RSV-NONPROD-EUNO-LRSBACKUP-01;SCHWSR0106;Microsoft.Compute/virtualMachines;
shhlsr0322;shhlsr0322;rg-shh-prod-veeam-01;vm-short-01am-01;3/7/2023, 12:15:15 AM;RSV-PROD-EUNO-ZRSBACKUP-01;SHHLSR0322;Microsoft.Compute/virtualMachines;
